id,uuid
7032,078e2f4b-256c-4eb7-a6d8-9bb7017becc6
7051,0f137d95-4a90-4ee1-bff0-d3d694cfbb63
7042,3a598031-442b-4912-b5d4-867bc24d6916
6998,85ea0d2b-75b5-48b8-b227-ec6a250eb44c
7038,cf4a0cd3-e100-459d-95c5-a4c9ec7e6148
7034,da6219f9-cc51-4805-83a8-78ebb6cf93db
7000,55656687-5bca-47a0-9efc-25bc0e3dedb6
7020,7f681ee0-8a43-4593-a1b8-666685eacec6
7030,5d70e40c-e07b-405d-badf-d52ce9b7ff10
7047,e2c9aeab-2bf6-48b5-b8ce-a9cf37cd7d1c
7115,1029fa91-db12-4a32-8660-ad9f04c26308
6994,158cc023-0f11-4226-9bce-ec78ad9e7c17
7181,1845e4b2-84d9-42b3-b5d9-160f1f3696dd
7209,21d53d0f-b633-406f-9272-7b47b9106335
7123,2ee4291d-5b65-42fd-92a0-c4af37a0d245
7199,3724e2df-3461-40dc-91bc-b1d7eaedad9d
7068,46f3bd6e-1a22-49ba-9988-4a102a3df696
7078,47cc223b-fcc3-4a56-a525-53ced82fb1b8
7215,4c889039-ee91-4f0b-b25c-30211d0f130b
6992,4c9e1eef-8640-4a4f-b2f1-cbe6c49c5ce3
7040,4ca1a50c-84d0-4535-8f67-90ec6206c919
7143,56b40582-55b8-4606-b6a4-73698f8c382a
7055,5d57d36c-35f0-4c70-b271-24a4e84af7f0
7221,6463cb7a-b05f-42b1-bdad-353b184aefec
7153,6b285023-6653-4271-84b2-9e7658ddbb3e
7014,6fcb6fcb-1aa9-4d9a-bfb5-5f819088a917
7092,76b65e2d-f99c-4cb0-82e1-6a361f2ea243
7197,782fb17f-b4c5-48d0-a2e7-71fedc80892b
7066,792fce28-6ffe-40e8-bb96-93befad2ecf5
7136,7ba49f4e-7825-42a7-9bf4-1438128341bf
7145,7bcded3f-e241-4a42-85a3-c170aa23106d
7191,7e6ffb86-4fce-4228-9191-b4cf19d0858c
7195,82949bfb-e0a2-41f1-9b0d-d91e3b1f6721
7125,84a01dfd-d602-4255-8694-514898ce93a8
7059,8abb96f0-5086-4014-bcee-fc93eb93b981
7008,903924bc-73f9-40b2-97be-501a3d6c1973
7121,9083f588-1888-41c5-96be-a30dbda3a4f9
7028,91f5a54c-8ac6-4772-a561-4634e2b27ac2
7053,954fb9e4-cafa-4e84-960e-7ef20fff384e
7074,992672d6-b6e5-4da1-8ba9-3c5473b71a07
7106,9a9bba7c-077e-4c92-906c-4597faa35dea
7219,9c36b127-8bcb-4fbc-aa9b-0f1419ce71b4
7179,a3d96e5a-eb2f-4dcb-9d62-7c79bcd96c2b
7193,a607d2ac-7473-4c86-b738-b607e7e1fc9e
7036,c394bbea-82bd-4d0e-a5f6-570272168295
7177,ca01573d-f89b-475a-aab5-b47528fbda8e
7119,ceb84ba0-ebca-4155-b855-40c996c48c30
7012,cf710cc3-92ac-4af1-82e4-dcc712b11182
7002,d2cd90cf-4fdc-4632-8e0f-0fa5ec2a80ca
7026,d9a9eb80-843c-4599-b33c-a925631fac81
7010,dd247e28-04d0-45a6-82c8-b43dcaeae93c
7108,e061b665-234c-44f0-8755-67dde3150a33
6996,e09352ec-d388-43bd-a136-37f63e8b7072
7113,e2dc8a12-59d8-4055-a9da-4cfb7e978b50
7061,e5b9eaef-069b-48b5-8e91-8c4b92acdb3d
7006,e8e0430a-45a7-4fad-94d0-8bb6640d3505
7129,ea59c8ae-1e67-4023-b539-a39d5e1899f0
7147,eb7a96ec-0c0a-4545-9b7c-a7025ab4dd2c
7098,ec4845d1-e2f3-434c-a55d-0708d24fdc26
7139,f79e7534-110b-407c-8cce-be5db682fc7e
7211,f88c6fd3-9898-4836-a6d3-035742eaa6f8
7151,f90d3094-051a-44d6-a0e3-d1f809c5522e
7080,fb0b4bb4-e473-4e4e-bba9-637a677b215d
7022,ff1c3b38-8684-4c7a-ab79-8a59a5c2decb
7213,ff434ff0-28c9-418a-824e-622660a4d31f
6990,ef4fe9c2-9844-41c9-a2bc-2ce965a893c7
7004,83742633-7271-41ee-b872-17924203ceab
7016,85c455f1-534b-4847-b3f3-0f862ab9c57f
7018,bc69d816-fea0-490d-91ea-e9e2438ff6bb
7024,e08ef0b1-c403-4b36-b2cf-aadbe861a033
7045,3284a7c6-add4-462b-941c-5bc0409cd077
7049,9bbbbd03-68e0-48e5-b553-d98452ff8024
7064,2be28da7-6b24-4f2b-bb28-bec8c2c46db2
7076,ff165113-08bc-4bef-ae77-d3f5c6704775
7084,02d5d2eb-32b3-4433-a82c-cabf7480b594
7086,32a730ad-b2d2-472b-ad0d-5e57746ecdde
7088,c2eac6a8-c6af-4c87-ac50-93e389f63d1a
7090,d836ecbf-307e-4964-bbd6-35e8397ddafe
7102,bab67947-4d3d-48fc-a82b-d653429af920
7111,06820eb9-e31b-467f-936a-d965c1254126
7117,0ee9c5db-6d00-4a83-86e2-eb2318380bf3
7131,82469af2-1f2a-44b6-b737-ce167bf1d41e
7133,777f418e-1ad3-4a37-a99f-c6880269f8bb
7137,7191c049-ca04-49fb-b7d3-b9bbdcedb6c4
7163,5867ffdc-c41d-43a8-99dd-974de137e37f
7165,bdcdf4cf-55d0-4690-a5fc-dee6668efd72
7184,01deb95a-b422-4442-83ef-27f4c270036c
7185,5290b3d3-14f7-44ef-9e96-053adcae90d7
7201,7856ea52-f3a9-4ffb-ac0b-436f9e07bebe
7205,b07f24b0-6d0e-4997-9c59-7c83ffdab89b
7207,3ccd4a22-2b73-46c7-b79b-add186b82862
7217,16b5a0a7-650f-4837-a111-e1ad488c1006
7169,7f60210c-de57-435c-9807-ed39f367e051
7309,d8c75e06-cc84-47a1-be77-efb37f376e4c
7279,eab04152-e4b0-45ea-829e-86cdefed9d0a
7307,47bcbd47-5ce7-4241-8510-c1b837f1a561
